ingredient,USA,EU,sulfates,parabens,phthalates,synthetic_colors,fragrance,triclosan,toluene,talc,lead,PEG,formaldehyde,diethanolamine,alcohol,hydroquinone,other_info,natural
sodium stannate,no,no,no,no,no,no,no,no,no,no,no,no,no,no,no,None,no
sodium starch octenylsuccinate,no,no,no,no,no,no,no,no,no,no,no,no,no,no,no,None,no
sodium stearate,no,no,no,no,no,no,no,no,no,no,no,no,no,no,no,None,no
sodium stearate,no,no,no,no,no,no,no,no,no,no,no,no,no,no,no,None,no
sodium stearate,no,no,no,no,no,no,no,no,no,no,no,no,no,no,no,None,no
sodium stearoamphoacetate,no,no,no,no,no,no,no,no,no,no,no,no,no,no,no,None,no
sodium stearoyl glutamate,no,no,no,no,no,no,no,no,no,no,no,no,no,no,no,None,no
sodium stearoyl lactylate,no,no,no,no,no,no,no,no,no,no,no,no,no,no,no,None,no
sodium stearoyl lactylate,no,no,no,no,no,no,no,no,no,no,no,no,no,no,no,None,no
sodium styrene/ acrylates copolymer,no,no,no,no,no,no,no,no,no,no,no,no,no,no,no,None,no
sodium styrene/acrylates/peg 10 dimaleate copolymer,no,no,no,no,no,no,no,no,no,no,yes,no,no,no,no,None,no
sodium succinate,no,no,no,no,no,no,no,no,no,no,no,no,no,no,no,None,no
sodium sulfate,no,no,yes,no,no,no,no,no,no,no,no,no,no,no,no,None,yes
sodium sulfite,no,no,yes,no,no,no,no,no,no,no,no,no,no,no,no,None,yes
sodium sulfoacetate,no,no,yes,no,no,no,no,no,no,no,no,no,no,no,no,None,no
sodium sunflower seedate,no,no,no,no,no,no,no,no,no,no,no,no,no,no,no,None,no
sodium sunflowerseedamphoacetate,no,no,no,no,no,no,no,no,no,no,no,no,no,no,no,None,no
sodium sunflowerseedamphoacetate,no,no,no,no,no,no,no,no,no,no,no,no,no,no,no,None,no
sodium surfactin,no,no,no,no,no,no,no,no,no,no,no,no,no,no,no,None,no
sodium surfactin,no,no,no,no,no,no,no,no,no,no,no,no,no,no,no,None,no
sodium sweetalmondamphoacetate,no,no,no,no,no,no,no,no,no,no,no,no,no,no,no,None,no
sodium tallowate,no,no,no,no,no,no,no,no,no,no,no,no,no,no,no,None,no
sodium taurine cocoyl methyltaurate,no,no,no,no,no,no,no,no,no,no,no,no,no,no,no,None,no
sodium taurine cocoyl methyltaurate,no,no,no,no,no,no,no,no,no,no,no,no,no,no,no,None,no
sodium taurine laurate,no,no,no,no,no,no,no,no,no,no,no,no,no,no,no,None,no
sodium thioglycolate,no,no,no,no,no,no,no,no,no,no,no,no,no,no,no,None,no
sodium thiosulfate,no,no,yes,no,no,no,no,no,no,no,no,no,no,no,no,None,yes
sodium thiosulfate,no,no,yes,no,no,no,no,no,no,no,no,no,no,no,no,None,yes
sodium trideceth sulfate,no,no,yes,no,no,no,no,no,no,no,no,no,no,no,no,None,no
sodium trideceth sulfate,no,no,yes,no,no,no,no,no,no,no,no,no,no,no,no,None,no
sodium tripolyphosphate,no,no,no,no,no,no,no,no,no,no,no,no,no,no,no,None,no
sodium usnate,no,no,no,no,no,no,no,no,no,no,no,no,no,no,no,None,no
sodium xylene sulfonate,no,no,yes,no,no,no,no,no,no,no,no,no,no,no,no,None,no
sodium xylene sulfonate,no,no,yes,no,no,no,no,no,no,no,no,no,no,no,no,None,no
sodium zinc polyitaconate,no,no,no,no,no,no,no,no,no,no,no,no,no,no,no,None,no
solanum lycopersicum (tomato),no,no,no,no,no,no,no,no,no,no,no,no,no,no,no,None,yes
solanum lycopersicum (tomato) callus culture extract,no,no,no,no,no,no,no,no,no,no,no,no,no,no,no,None,yes
solanum lycopersicum (tomato) extract,no,no,no,no,no,no,no,no,no,no,no,no,no,no,no,None,yes
solanum lycopersicum (tomato) seed oil,no,no,no,no,no,no,no,no,no,no,no,no,no,no,no,None,yes
solanum melongena (eggplant) fruit extract,no,no,no,no,no,no,no,no,no,no,no,no,no,no,no,None,yes
solanum paniculatum extract,no,no,no,no,no,no,no,no,no,no,no,no,no,no,no,None,yes
solanum tuberosum (potato) extract,no,no,no,no,no,no,no,no,no,no,no,no,no,no,no,None,yes
solanum tuberosum (potato) starch,no,no,no,no,no,no,no,no,no,no,no,no,no,no,no,None,yes
solidago virgaurea (goldenrod) extract,no,no,no,no,no,no,no,no,no,no,no,no,no,no,no,None,yes
soluble collagen,no,no,no,no,no,no,no,no,no,no,no,no,no,no,no,None,yes
soluble collagen,no,no,no,no,no,no,no,no,no,no,no,no,no,no,no,None,yes
solum diatomeae,no,no,no,no,no,no,no,no,yes,no,no,no,no,no,no,None,yes
solum fullonum,no,no,no,no,no,no,no,no,no,no,no,no,no,no,no,None,yes
solvent red 48 or acid red 92 (uncertified d&c red no. 27 or d&c red no. 28),yes,yes,no,no,yes,no,no,no,no,no,no,no,no,no,no,Synthetic Color - Use Restricted in Cosmetics,no
solvent red 48 or acid red 92 (uncertified d&c red no. 27 or d&c red no. 28),yes,yes,no,no,yes,no,no,no,no,no,no,no,no,no,no,Synthetic Color - Use Restricted in Cosmetics,no
sophora angustifolia root extract,no,no,no,no,no,no,no,no,no,no,no,no,no,no,no,None,yes
sophora japonica (japanese pagoda tree) extract,no,no,no,no,no,no,no,no,no,no,no,no,no,no,no,None,yes
sorbeth 230 tetraoleate,no,no,no,no,no,no,no,no,no,no,yes,no,no,no,no,None,no
sorbeth 30 tetraisostearate,no,no,no,no,no,no,no,no,no,no,yes,no,no,no,no,None,no
sorbeth 30 tetraisostearate,no,no,no,no,no,no,no,no,no,no,yes,no,no,no,no,None,no
sorbeth 30 tetraoleate,no,no,no,no,no,no,no,no,no,no,yes,no,no,no,no,None,no
sorbic acid,no,no,no,no,no,no,no,no,no,no,no,no,no,no,no,None,yes
sorbitan,no,no,no,no,no,no,no,no,no,no,no,no,no,no,no,None,yes
sorbitan caprylate,no,no,no,no,no,no,no,no,no,no,no,no,no,no,no,None,no
sorbitan ester,no,no,no,no,no,no,no,no,no,no,no,no,no,no,no,None,no
sorbitan ester,no,no,no,no,no,no,no,no,no,no,no,no,no,no,no,None,no
sorbitan ester,no,no,no,no,no,no,no,no,no,no,no,no,no,no,no,None,no
sorbitan ester,no,no,no,no,no,no,no,no,no,no,no,no,no,no,no,None,no
sorbitan ester,no,no,no,no,no,no,no,no,no,no,no,no,no,no,no,None,no
sorbitan isostearate,no,no,no,no,no,no,no,no,no,no,no,no,no,no,no,None,no
sorbitan laurate,no,no,no,no,no,no,no,no,no,no,no,no,no,no,no,None,no
sorbitan oleate,no,no,no,no,no,no,no,no,no,no,no,no,no,no,no,None,yes
sorbitan oleate decylglucoside crosspolymer,no,no,no,no,no,no,no,no,no,no,no,no,no,no,no,None,no
sorbitan olivate,no,no,no,no,no,no,no,no,no,no,no,no,no,no,no,None,no
sorbitan palmitate,no,no,no,no,no,no,no,no,no,no,no,no,no,no,no,None,no
sorbitan sesquiisostearate,no,no,no,no,no,no,no,no,no,no,no,no,no,no,no,None,no
sorbitan sesquioleate,no,no,no,no,no,no,no,no,no,no,no,no,no,no,no,None,no
sorbitan sesquistearate,no,no,no,no,no,no,no,no,no,no,no,no,no,no,no,None,no
sorbitan stearate,no,no,no,no,no,no,no,no,no,no,no,no,no,no,no,Can be derived from natural sources,yes
sorbitan trioleate,no,no,no,no,no,no,no,no,no,no,no,no,no,no,no,None,no
sorbitan trioleate,no,no,no,no,no,no,no,no,no,no,no,no,no,no,no,None,no
sorbitan tristearate,no,no,no,no,no,no,no,no,no,no,no,no,no,no,no,None,no
sorbitol,no,no,no,no,no,no,no,no,no,no,no,no,no,no,no,None,yes
sorbitol,no,no,no,no,no,no,no,no,no,no,no,no,no,no,no,None,yes
sorbitol laurate,no,no,no,no,no,no,no,no,no,no,no,no,no,no,no,None,no
soyethyl morpholinium ethosulfate,no,no,yes,no,no,no,no,no,no,no,no,no,no,no,no,Classified as expected to be toxic or harmful,no
sodium c14-16 olefin sulfonate,no,no,yes,no,no,no,no,no,no,no,no,no,no,no,no,None,no
sodium isostearate,no,no,no,no,no,no,no,no,no,no,no,no,no,no,no,None,no
sodium isostearoyl lactylate,no,no,no,no,no,no,no,no,no,no,no,no,no,no,no,None,no
sodium polystyrene sulfonate,no,no,yes,no,no,no,no,no,no,no,no,no,no,no,no,None,no
sodium sorbate,no,no,no,no,no,no,no,no,no,no,no,no,no,no,no,None,yes
polysorbate 65,no,no,no,no,no,no,no,no,no,no,yes,no,no,no,no,None,no
polysorbate 85,no,no,no,no,no,no,no,no,no,no,yes,no,no,no,no,None,no
sucrose tetrastearate triacetate,no,no,no,no,no,no,no,no,no,no,no,no,no,no,no,None,no
this ingredient,no,no,no,no,no,no,no,no,no,no,no,no,no,no,no,None,no
ingredient,USA,EU,sulfates,parabens,synthetic_colors,fragrance,triclosan,toluene,talc,lead,PEG,formaldehyde,diethanolamine,alcohol,hydroquinone,other_info,natural
sorbitol/sebacic acid copolymer behenate,no,no,no,no,no,no,no,no,no,no,no,no,no,no,no,None,no
sorbitan stearate,no,no,no,no,no,no,no,no,no,no,no,no,no,no,no,None,yes
soytrimonium chloride,no,no,yes,no,no,no,no,no,no,no,no,no,no,no,no,None,no
sodium polystyrene sulfonate,no,no,no,no,no,no,no,no,no,no,no,no,no,no,no,None,no
stearyl alcohol,no,no,no,no,no,no,no,no,no,no,no,no,no,yes,no,None,yes
soyethyl morpholinium ethosulfate,no,no,yes,no,no,no,no,no,no,no,no,no,no,no,no,None,no
beta-sitosterol,no,no,no,no,no,no,no,no,no,no,no,no,no,no,no,None,yes
polysorbate 65,no,no,no,no,no,no,no,no,no,no,yes,no,no,no,no,May contain 1,4-dioxane,no
sorbitan sesquioleate,no,no,no,no,no,no,no,no,no,no,no,no,no,no,no,None,no
steapyrium chloride,no,no,no,no,no,no,no,no,no,no,no,no,no,no,no,None,no
sorbeth-30 tetraisostearate,no,no,no,no,no,no,no,no,no,no,yes,no,no,no,no,None,no
sucrose tetrastearate triacetate,no,no,no,no,no,no,no,no,no,no,no,no,no,no,no,None,yes
sorbitan oleate,no,no,no,no,no,no,no,no,no,no,no,no,no,no,no,None,no
sorbitan tristearate,no,no,no,no,no,no,no,no,no,no,no,no,no,no,no,None,no
sorbitan sesquistearate,no,no,no,no,no,no,no,no,no,no,no,no,no,no,no,None,no
stearyl stearate,no,no,no,no,no,no,no,no,no,no,no,no,no,no,no,None,yes
sorbeth-30 tetraoleate,no,no,no,no,no,no,no,no,no,no,yes,no,no,no,no,None,no
sorbeth-30 tetraisostearate,no,no,no,no,no,no,no,no,no,no,yes,no,no,no,no,None,no
steapyrium chloride,no,no,no,no,no,no,no,no,no,no,no,no,no,no,no,None,no
soytrimonium chloride,no,no,yes,no,no,no,no,no,no,no,no,no,no,no,no,None,no
ingredient,USA,EU,sulfates,parabens,synthetic_colors,fragrance,triclosan,toluene,talc,lead,PEG,formaldehyde,diethanolamine,alcohol,hydroquinone,other_info,natural
stearoxytrimethylsilane,no,no,no,no,no,no,no,no,no,no,no,no,no,stearyl alcohol,no,Organ system toxicity (non-reproductive): classified as not expected to be potentially toxic or harmful. Persistence and bioaccumulation: not suspected to be persistent. Ecotoxicology: suspected to be an environmental toxin.,no
stearoyl,no,no,no,no,no,no,no,no,no,no,no,no,no,no,no,None,yes
stearoyl glutamate,no,no,no,no,no,no,no,no,no,no,no,no,no,no,no,None,yes
stearoyl glutamic acid,no,no,no,no,no,no,no,no,no,no,no,no,no,no,no,None,yes
stearoyl inulin,no,no,no,no,no,no,no,no,no,no,no,no,no,no,no,None,yes
stearoyl stearate,no,no,no,no,no,no,no,no,no,no,no,no,no,stearyl alcohol,no,It's an ester of stearyl alcohol and stearic acid. Irritation (skin,eyes,or lungs): skin/eye/lung irritation - weight of evidence unknown/unassessed. Organ system toxicity (non-reproductive): classified as not expected to be potentially toxic or harmful. Persistence and bioaccumulation: not suspected to be persistent. Ecotoxicology: uncertain environmental toxin.,no
steartrimonium chloride,no,no,yes,no,no,no,no,no,no,no,no,no,no,no,no,None,no
stearyl alcohol,no,no,no,no,no,no,no,no,no,no,no,no,no,yes,no,It's a fatty alcohol. Irritation (skin,eyes,or lungs): human any irritant - strong evidence. Organ system toxicity (non-reproductive): classified as not expected to be potentially toxic or harmful. Persistence and bioaccumulation: not suspected to be persistent. Ecotoxicology: suspected to be an environmental toxin.,no
stearyl beeswax,no,no,no,no,no,no,no,no,no,no,no,no,no,no,no,None,yes
stearyl behenate,no,no,no,no,no,no,no,no,no,no,no,no,no,no,no,None,yes
stearyl benzoate,no,no,no,no,no,no,no,no,no,no,no,no,no,no,no,None,no
stearyl caprylate,no,no,no,no,no,no,no,no,no,no,no,no,no,no,no,None,yes
stearyl citrate,no,no,no,no,no,no,no,no,no,no,no,no,no,no,no,None,yes
stearyl dihydroxypropyldimonium oligosaccharides,no,no,no,no,no,no,no,no,no,no,no,no,no,no,no,None,no
stearyl dimethicone,no,no,no,no,no,no,no,no,no,no,no,no,no,no,no,Contamination concerns: cyclopentasiloxane.,no
stearyl esters,no,no,no,no,no,no,no,no,no,no,no,no,no,no,no,None,yes
stearyl glycol,no,no,no,no,no,no,no,no,no,no,PEG,no,no,no,no,None,no
stearyl glycyrrhetinate,no,no,no,no,no,no,no,no,no,no,no,no,no,stearyl alcohol,no,It's an ester of stearyl alcohol and glycyrrhetinic acid. Use restrictions: determined safe for use in cosmetics,subject to concentration or use limitations - restrictions on impurities recommended by industry safety panel.,no
stearyl heptanoate,no,no,no,no,no,no,no,no,no,no,no,no,no,no,no,None,yes
stearyl methicone,no,no,no,no,no,no,no,no,no,no,no,no,no,no,no,None,no
stearyl octyldimonium methosulfate,no,no,yes,no,no,no,no,no,no,no,no,no,no,no,no,None,no
stearyl palmitate,no,no,no,no,no,no,no,no,no,no,no,no,no,no,no,None,yes
stearyl phosphate,no,no,no,no,no,no,no,no,no,no,no,no,no,no,no,None,no
stearyl ppg 3 myristyl ether dimer dilinoleate,no,no,no,no,no,no,no,no,no,no,PEG,no,no,no,no,None,no
stearyl stearoyl stearate,no,no,no,no,no,no,no,no,no,no,no,no,no,no,no,It's an ester.,no
stearyl triethoxysilane,no,no,no,no,no,no,no,no,no,no,no,no,no,no,no,None,no
stearyldimoniumhydroxypropyl decylglucosides chloride,no,no,yes,no,no,no,no,no,no,no,no,no,no,no,no,None,no
stearyldimoniumhydroxypropyl laurylglucosides chloride,no,no,yes,no,no,no,no,no,no,no,no,no,no,no,no,None,no
stellaria media (chickweed),no,no,no,no,no,no,no,no,no,no,no,no,no,no,no,None,yes
stellaria media (chickweed) extract,no,no,no,no,no,no,no,no,no,no,no,no,no,no,no,None,yes
sterol,no,no,no,no,no,no,no,no,no,no,no,no,no,alcohol,no,None,yes
stevia glycerite,no,no,no,no,no,no,no,no,no,no,no,no,no,glycerin,no,None,yes
stevia rebaudiana (sweetleaf) extract,no,no,no,no,no,no,no,no,no,no,no,no,no,no,no,None,yes
stevioside,no,no,no,no,no,no,no,no,no,no,no,no,no,no,no,None,yes
strontium peroxide,no,no,no,no,no,no,no,no,no,no,no,no,no,no,no,None,no
styrax tonkinensis resin extract,no,no,no,no,no,fragrance,no,no,no,no,no,no,no,alcohol,no,None,yes
styrene,yes,no,no,no,no,no,no,toluene,no,no,no,no,no,no,no,It's a possible carcinogen.,no
styrene/ butadiene copolymer,no,no,no,no,no,no,no,no,no,no,no,no,no,no,no,None,no
styrene/ pvp copolymer,no,no,no,no,no,no,no,no,no,no,no,no,no,no,no,None,no
styrene/acrylamide copolymer,yes,no,no,no,no,no,no,no,no,no,no,no,no,no,no,It's a possible carcinogen.,no
styrene/acrylates copolymer,no,no,no,no,no,no,no,no,no,no,no,no,no,no,no,None,no
styrene/acrylates/ammonium methacrylate copolymer,no,no,no,no,no,no,no,no,no,no,no,no,no,no,no,None,no
styrene/isoprene copolymer,no,no,no,no,no,no,no,no,no,no,no,no,no,no,no,None,no
subtilisin,no,no,no,no,no,no,no,no,no,no,no,no,no,no,no,None,yes
succinic acid,no,no,no,no,no,no,no,no,no,no,no,no,no,no,no,None,yes
succinoglycan,no,no,no,no,no,no,no,no,no,no,no,no,no,no,no,None,yes
sucralose,no,no,no,no,no,no,no,no,no,no,no,no,no,no,no,None,no
sucrose,no,no,no,no,no,no,no,no,no,no,no,no,no,no,no,None,yes
sucrose acetate,no,no,no,no,no,no,no,no,no,no,no,no,no,no,no,None,no
sucrose acetate isobutyrate,no,no,no,no,no,no,no,no,no,no,no,no,no,no,no,None,no
sucrose benzoate,no,no,no,no,no,no,no,no,no,no,no,no,no,no,no,None,no
sucrose cocoate,no,no,no,no,no,no,no,no,no,no,no,no,no,no,no,None,yes
sucrose dilaurate,no,no,no,no,no,no,no,no,no,no,no,no,no,no,no,None,yes
sucrose distearate,no,no,no,no,no,no,no,no,no,no,no,no,no,no,no,None,yes
sucrose laurate,no,no,no,no,no,no,no,no,no,no,no,no,no,no,no,None,yes
sucrose myristate,no,no,no,no,no,no,no,no,no,no,no,no,no,no,no,None,yes
sucrose palmitate,no,no,no,no,no,no,no,no,no,no,no,no,no,no,no,None,yes
sucrose polycottonseedate,no,no,no,no,no,no,no,no,no,no,no,no,no,no,no,None,yes
sucrose polystearate,no,no,no,no,no,no,no,no,no,no,no,no,no,no,no,None,yes
sucrose stearate,no,no,no,no,no,no,no,no,no,no,no,no,no,no,no,Organ system toxicity (non-reproductive): classified as not expected to be potentially toxic or harmful. Persistence and bioaccumulation: not suspected to be persistent. Ecotoxicology: not suspected to be an environmental toxin.,no
sucrose tetraisostearate,no,no,no,no,no,no,no,no,no,no,no,no,no,no,no,None,no
sucrose tetrastearate triacetate,no,no,no,no,no,no,no,no,no,no,no,no,no,no,no,It's a mixture of esters of stearic acid,acetic acid and sucrose.,no
sucrose trilaurate,no,no,no,no,no,no,no,no,no,no,no,no,no,no,no,None,yes
sulfated castor oil,no,no,yes,no,no,no,no,no,no,no,no,no,no,no,no,None,no
sulfonic acid,no,no,yes,no,no,no,no,no,no,no,no,no,no,no,no,None,no
sulfur,no,no,no,no,no,no,no,no,no,no,no,no,no,no,no,None,yes
sulfuric acid,no,no,yes,no,no,no,no,no,no,no,no,no,no,no,no,None,no
sulfuric acid alkyl esters (c12 18),sodium salts,no,no,yes,no,no,no,no,no,no,no,no,no,no,no,no,None,no
sulisobenzone,no,no,no,no,no,fragrance,no,no,no,no,no,no,no,no,no,It's generally safe in low concentrations but can be irritating to the skin.,no
sulphur dioxide,no,no,no,no,no,no,no,no,no,no,no,no,no,no,no,Used as a preservative and antioxidant in low concentrations.,no
sunflower oil decyl esters,no,no,no,no,no,no,no,no,no,no,no,no,no,no,no,None,yes
ingredient,USA,EU,sulfates,parabens,synthetic_colors,fragrance,triclosan,toluene,talc,lead,PEG,formaldehyde,diethanolamine,alcohol,hydroquinone,other_info,natural
sunflower oil/palm oil aminopropanediol esters,unknown,unknown,unknown,unknown,unknown,unknown,unknown,unknown,unknown,unknown,unknown,unknown,unknown,unknown,unknown,None,unknown
sunflower seed oil glycereth 8 esters,unknown,unknown,unknown,unknown,unknown,unknown,unknown,unknown,unknown,unknown,unknown,unknown,unknown,unknown,unknown,None,unknown
sunflower seed oil glyceride,unknown,unknown,unknown,unknown,unknown,unknown,unknown,unknown,unknown,unknown,unknown,unknown,unknown,unknown,unknown,None,unknown
sunflower seedamidopropyl dimethylamine lactate,unknown,unknown,unknown,unknown,unknown,unknown,unknown,unknown,unknown,unknown,unknown,unknown,unknown,unknown,unknown,None,unknown
sunflowerseedamidopropyl ethyldimonium ethosulfate,unknown,unknown,unknown,unknown,unknown,unknown,unknown,unknown,unknown,unknown,unknown,unknown,unknown,unknown,unknown,None,unknown
superoxide dismutase,unknown,unknown,unknown,unknown,unknown,unknown,unknown,unknown,unknown,unknown,unknown,unknown,unknown,unknown,unknown,None,unknown
sweet pea oil,unknown,unknown,unknown,unknown,unknown,unknown,unknown,unknown,unknown,unknown,unknown,unknown,unknown,unknown,unknown,None,unknown
swertia chirata extract,unknown,unknown,unknown,unknown,unknown,unknown,unknown,unknown,unknown,unknown,unknown,unknown,unknown,unknown,unknown,None,unknown
swertia japonica (semburi) extract,unknown,unknown,unknown,unknown,unknown,unknown,unknown,unknown,unknown,unknown,unknown,unknown,unknown,unknown,unknown,None,unknown
symphytum officinale (comfrey),no,no,no,no,no,no,no,no,no,no,no,no,no,no,no,Comfrey,also known as knitbone,contains pyrrolizidine alkaloids (PAs) that are toxic to the liver and may cause cancer. The U.S. Food and Drug Administration (FDA) has issued warnings about the risks of using comfrey and recommends that consumers avoid products that contain it.,yes
symphytum officinale (comfrey) extract,no,no,no,no,no,no,no,no,no,no,no,no,no,no,no,Comfrey,also known as knitbone,contains pyrrolizidine alkaloids (PAs) that are toxic to the liver and may cause cancer. The U.S. Food and Drug Administration (FDA) has issued warnings about the risks of using comfrey and recommends that consumers avoid products that contain it.,yes
symphytum officinale (comfrey) leaf,no,no,no,no,no,no,no,no,no,no,no,no,no,no,no,Comfrey,also known as knitbone,contains pyrrolizidine alkaloids (PAs) that are toxic to the liver and may cause cancer. The U.S. Food and Drug Administration (FDA) has issued warnings about the risks of using comfrey and recommends that consumers avoid products that contain it.,yes
symphytum officinale (comfrey) leaf extract,no,no,no,no,no,no,no,no,no,no,no,no,no,no,no,Comfrey,also known as knitbone,contains pyrrolizidine alkaloids (PAs) that are toxic to the liver and may cause cancer. The U.S. Food and Drug Administration (FDA) has issued warnings about the risks of using comfrey and recommends that consumers avoid products that contain it.,yes
symphytum officinale (comfrey) root,no,no,no,no,no,no,no,no,no,no,no,no,no,no,no,Comfrey,also known as knitbone,contains pyrrolizidine alkaloids (PAs) that are toxic to the liver and may cause cancer. The U.S. Food and Drug Administration (FDA) has issued warnings about the risks of using comfrey and recommends that consumers avoid products that contain it.,yes
symphytum officinale (comfrey) root extract,no,no,no,no,no,no,no,no,no,no,no,no,no,no,no,Comfrey,also known as knitbone,contains pyrrolizidine alkaloids (PAs) that are toxic to the liver and may cause cancer. The U.S. Food and Drug Administration (FDA) has issued warnings about the risks of using comfrey and recommends that consumers avoid products that contain it.,yes
symphytum officinale leaf powder,no,no,no,no,no,no,no,no,no,no,no,no,no,no,no,Comfrey,also known as knitbone,contains pyrrolizidine alkaloids (PAs) that are toxic to the liver and may cause cancer. The U.S. Food and Drug Administration (FDA) has issued warnings about the risks of using comfrey and recommends that consumers avoid products that contain it.,yes
synthetic beeswax,unknown,unknown,unknown,unknown,unknown,unknown,unknown,unknown,unknown,unknown,unknown,unknown,unknown,unknown,unknown,None,no
synthetic candelilla wax,unknown,unknown,unknown,unknown,unknown,unknown,unknown,unknown,unknown,unknown,unknown,unknown,unknown,unknown,unknown,None,no
synthetic carnauba,unknown,unknown,unknown,unknown,unknown,unknown,unknown,unknown,unknown,unknown,unknown,unknown,unknown,unknown,unknown,None,no
synthetic fluorphlogopite,unknown,unknown,unknown,unknown,unknown,unknown,unknown,unknown,unknown,unknown,unknown,unknown,unknown,unknown,unknown,None,no
synthetic japan wax,unknown,unknown,unknown,unknown,unknown,unknown,unknown,unknown,unknown,unknown,unknown,unknown,unknown,unknown,unknown,None,no
synthetic jojoba oil,unknown,unknown,unknown,unknown,unknown,unknown,unknown,unknown,unknown,unknown,unknown,unknown,unknown,unknown,unknown,None,no
synthetic sapphire,unknown,unknown,unknown,unknown,unknown,unknown,unknown,unknown,unknown,unknown,unknown,unknown,unknown,unknown,unknown,None,no
synthetic wax,unknown,unknown,unknown,unknown,unknown,unknown,unknown,unknown,unknown,unknown,unknown,unknown,unknown,unknown,unknown,None,no
syringa vulgaris (lilac) extract,unknown,unknown,unknown,unknown,unknown,unknown,unknown,unknown,unknown,unknown,unknown,unknown,unknown,unknown,unknown,None,yes
syringa vulgaris (lilac) flower extract,unknown,unknown,unknown,unknown,unknown,unknown,unknown,unknown,unknown,unknown,unknown,unknown,unknown,unknown,unknown,None,yes
syringa vulgaris leaf cell culture extract,unknown,unknown,unknown,unknown,unknown,unknown,unknown,unknown,unknown,unknown,unknown,unknown,unknown,unknown,unknown,None,yes
syzygium aromatica (clove bud) oil,unknown,unknown,unknown,unknown,unknown,unknown,unknown,unknown,unknown,unknown,unknown,unknown,unknown,unknown,unknown,None,yes
syzygium aromaticum (clove),unknown,unknown,unknown,unknown,unknown,unknown,unknown,unknown,unknown,unknown,unknown,unknown,unknown,unknown,unknown,None,yes
syzygium aromaticum (clove) flower oil,unknown,unknown,unknown,unknown,unknown,unknown,unknown,unknown,unknown,unknown,unknown,unknown,unknown,unknown,unknown,None,yes
syzygium caryophyllata (clove bud) oil,unknown,unknown,unknown,unknown,unknown,unknown,unknown,unknown,unknown,unknown,unknown,unknown,unknown,unknown,unknown,None,yes
syzygium caryophyllata (clove bud) powder,unknown,unknown,unknown,unknown,unknown,unknown,unknown,unknown,unknown,unknown,unknown,unknown,unknown,unknown,unknown,None,yes
syzygium leuhmanii fruit extract,unknown,unknown,unknown,unknown,unknown,unknown,unknown,unknown,unknown,unknown,unknown,unknown,unknown,unknown,unknown,None,yes
syzygium luehmannii (lilly pilly) fruit extract,unknown,unknown,unknown,unknown,unknown,unknown,unknown,unknown,unknown,unknown,unknown,unknown,unknown,unknown,unknown,None,yes
t butyl alcohol,unknown,unknown,unknown,unknown,unknown,unknown,unknown,unknown,unknown,unknown,unknown,unknown,unknown,yes,unknown,None,unknown
tabebuia impetiginosa (pau d'arco),unknown,unknown,unknown,unknown,unknown,unknown,unknown,unknown,unknown,unknown,unknown,unknown,unknown,unknown,unknown,None,yes
tagetes erecta,unknown,unknown,unknown,unknown,unknown,unknown,unknown,unknown,unknown,unknown,unknown,unknown,unknown,unknown,unknown,None,yes
tagetes minuta (muster john henry) oil,unknown,unknown,unknown,unknown,unknown,unknown,unknown,unknown,unknown,unknown,unknown,unknown,unknown,unknown,unknown,None,yes
tagetes minuta flower oil,unknown,unknown,unknown,unknown,unknown,unknown,unknown,unknown,unknown,unknown,unknown,unknown,unknown,unknown,unknown,None,yes
talc,unknown,unknown,unknown,unknown,unknown,unknown,unknown,unknown,yes,unknown,unknown,unknown,unknown,unknown,unknown,None,yes
tall oil,unknown,unknown,unknown,unknown,unknown,unknown,unknown,unknown,unknown,unknown,unknown,unknown,unknown,unknown,unknown,None,yes
tall oil acid,unknown,unknown,unknown,unknown,unknown,unknown,unknown,unknown,unknown,unknown,unknown,unknown,unknown,unknown,unknown,None,yes
tall oil glycerides,unknown,unknown,unknown,unknown,unknown,unknown,unknown,unknown,unknown,unknown,unknown,unknown,unknown,unknown,unknown,None,yes
tallow,unknown,unknown,unknown,unknown,unknown,unknown,unknown,unknown,unknown,unknown,unknown,unknown,unknown,unknown,unknown,None,yes
tallow fatty acid,unknown,unknown,unknown,unknown,unknown,unknown,unknown,unknown,unknown,unknown,unknown,unknown,unknown,unknown,unknown,None,yes
tallowtrimonium chloride,unknown,unknown,yes,unknown,unknown,unknown,unknown,unknown,unknown,unknown,unknown,unknown,unknown,unknown,unknown,None,no
tamarindus indica (tamarind) seed polysaccharide,unknown,unknown,unknown,unknown,unknown,unknown,unknown,unknown,unknown,unknown,unknown,unknown,unknown,unknown,unknown,None,yes
tamarindus indica extract,unknown,unknown,unknown,unknown,unknown,unknown,unknown,unknown,unknown,unknown,unknown,unknown,unknown,unknown,unknown,None,yes
tamarindus indica fruit extract,unknown,unknown,unknown,unknown,unknown,unknown,unknown,unknown,unknown,unknown,unknown,unknown,unknown,unknown,unknown,None,yes
tamarindus indica seed gum,unknown,unknown,unknown,unknown,unknown,unknown,unknown,unknown,unknown,unknown,unknown,unknown,unknown,unknown,unknown,None,yes
tanacetum annuum (blue tansy),unknown,unknown,unknown,unknown,unknown,unknown,unknown,unknown,unknown,unknown,unknown,unknown,unknown,unknown,unknown,None,yes
tanacetum annuum (blue tansy) flower oil,unknown,unknown,unknown,unknown,unknown,unknown,unknown,unknown,unknown,unknown,unknown,unknown,unknown,unknown,unknown,None,yes
tanacetum annuum (blue tansy) oil,unknown,unknown,unknown,unknown,unknown,unknown,unknown,unknown,unknown,unknown,unknown,unknown,unknown,unknown,unknown,None,yes
tanacetum vulgare (tansy) extract,unknown,unknown,unknown,unknown,unknown,unknown,unknown,unknown,unknown,unknown,unknown,unknown,unknown,unknown,unknown,None,yes
tansy oil,unknown,unknown,unknown,unknown,unknown,unknown,unknown,unknown,unknown,unknown,unknown,unknown,unknown,unknown,unknown,None,yes
tapioca,unknown,unknown,unknown,unknown,unknown,unknown,unknown,unknown,unknown,unknown,unknown,unknown,unknown,unknown,unknown,None,yes
tapioca flour,unknown,unknown,unknown,unknown,unknown,unknown,unknown,unknown,unknown,unknown,unknown,unknown,unknown,unknown,unknown,None,yes
tapioca starch,unknown,unknown,unknown,unknown,unknown,unknown,unknown,unknown,unknown,unknown,unknown,unknown,unknown,unknown,unknown,None,yes
taraxacum officinale (dandelion),unknown,unknown,unknown,unknown,unknown,unknown,unknown,unknown,unknown,unknown,unknown,unknown,unknown,unknown,unknown,None,yes
taraxacum officinale (dandelion) extract,unknown,unknown,unknown,unknown,unknown,unknown,unknown,unknown,unknown,unknown,unknown,unknown,unknown,unknown,unknown,None,yes
taraxacum officinale (dandelion) leaf extract,unknown,unknown,unknown,unknown,unknown,unknown,unknown,unknown,unknown,unknown,unknown,unknown,unknown,unknown,unknown,None,yes
taraxacum officinale (dandelion) root,unknown,unknown,unknown,unknown,unknown,unknown,unknown,unknown,unknown,unknown,unknown,unknown,unknown,unknown,unknown,None,yes
taraxacum officinale (dandelion) root extract,unknown,unknown,unknown,unknown,unknown,unknown,unknown,unknown,unknown,unknown,unknown,unknown,unknown,unknown,unknown,None,yes
taro,unknown,unknown,unknown,unknown,unknown,unknown,unknown,unknown,unknown,unknown,unknown,unknown,unknown,unknown,unknown,None,yes
tartaric acid,unknown,unknown,unknown,unknown,unknown,unknown,unknown,unknown,unknown,unknown,unknown,unknown,unknown,unknown,unknown,None,yes
tasiloxane,unknown,unknown,unknown,unknown,unknown,unknown,unknown,unknown,unknown,unknown,unknown,unknown,unknown,unknown,unknown,None,unknown
tasmannia lanceolata fruit extract,unknown,unknown,unknown,unknown,unknown,unknown,unknown,unknown,unknown,unknown,unknown,unknown,unknown,unknown,unknown,None,yes
taurine,unknown,unknown,unknown,unknown,unknown,unknown,unknown,unknown,unknown,unknown,unknown,unknown,unknown,unknown,unknown,None,yes
tdi/trimellitic anhydride copolymer,unknown,unknown,unknown,unknown,unknown,unknown,unknown,unknown,unknown,unknown,unknown,unknown,unknown,unknown,unknown,None,unknown
tea carbomer,unknown,unknown,unknown,unknown,unknown,unknown,unknown,unknown,unknown,unknown,unknown,unknown,unknown,unknown,unknown,None,unknown
safflower seed oil,no,no,no,no,no,no,no,no,no,no,no,no,no,no,no,None,yes
adipic acid/isophthalic acid/neopentyl glycol/trimethylolpropane copolymer,no,no,no,no,no,no,no,no,no,no,no,no,no,no,no,None,no
symphytum officinale extract,no,no,no,no,no,no,no,no,no,no,no,no,no,no,no,Comfrey,also known as knitbone,contains pyrrolizidine alkaloids (PAs) that are toxic to the liver and may cause cancer. The U.S. Food and Drug Administration (FDA) has issued warnings about the risks of using comfrey and recommends that consumers avoid products that contain it.,yes
benzoin,no,no,no,no,no,no,no,no,no,no,no,no,no,no,no,None,yes
syringa vulgaris (lilac) extract,unknown,unknown,no,no,no,no,no,no,no,no,no,no,no,no,no,None,yes
tanacetum vulgare extract,unknown,unknown,no,no,no,no,no,no,no,no,no,no,no,no,no,None,yes
emulsifying wax,no,no,no,no,no,no,no,no,no,no,no,no,no,no,no,None,yes
isopropyl myristate,no,no,no,no,no,no,no,no,no,no,no,no,no,no,no,None,yes
carthamnus tinctorius (safflower) flower extract,no,no,no,no,no,no,no,no,no,no,no,no,no,no,no,None,yes
[3ar-(3a.alpha.,5a.beta.,9a.alpha.,9b.beta.)]-,no,no,no,no,no,no,no,no,no,no,no,no,no,no,no,None,unknown
77823-ep2272846a1,moderate,high,no,no,no,no,no,no,no,no,no,no,no,no,no,Suspected to be an environmental toxin and possible human reproductive or developmental toxin.,unknown
symphytum officinale (comfrey) root extract,no,no,no,no,no,no,no,no,no,no,no,no,no,no,no,Comfrey,also known as knitbone,contains pyrrolizidine alkaloids (PAs) that are toxic to the liver and may cause cancer. The U.S. Food and Drug Administration (FDA) has issued warnings about the risks of using comfrey and recommends that consumers avoid products that contain it.,yes
symphytum officinale leaf extract,no,no,no,no,no,no,no,no,no,no,no,no,no,no,no,Comfrey,also known as knitbone,contains pyrrolizidine alkaloids (PAs) that are toxic to the liver and may cause cancer. The U.S. Food and Drug Administration (FDA) has issued warnings about the risks of using comfrey and recommends that consumers avoid products that contain it.,yes
schembl107488,no,no,no,no,no,no,no,no,no,no,no,no,no,no,no,None,unknown
unii-fw7807707b component bghcvcjvxzwkcc-uhfffaoysa-n,moderate,moderate,no,no,no,no,no,no,no,no,no,no,no,no,no,Suspected to be an environmental toxin and possible human reproductive or developmental toxin.,unknown
symphytum officinale leaf powder,no,no,no,no,no,no,no,no,no,no,no,no,no,no,no,Comfrey,also known as knitbone,contains pyrrolizidine alkaloids (PAs) that are toxic to the liver and may cause cancer. The U.S. Food and Drug Administration (FDA) has issued warnings about the risks of using comfrey and recommends that consumers avoid products that contain it.,yes
f0001-0147,no,no,no,no,no,no,no,no,no,no,no,no,no,no,no,None,unknown
3986-ep2316836a1,no,no,no,no,no,no,no,no,no,no,no,no,no,no,no,None,unknown
10950-ep2316457a1,no,no,no,no,no,no,no,no,no,no,no,no,no,no,no,None,unknown
unii-fw7807707b component bghcvcjvxzwkcc-uhfffaoysa-n,moderate,moderate,no,no,no,no,no,no,no,no,no,no,no,no,no,Suspected to be an environmental toxin and possible human reproductive or developmental toxin.,unknown
ingredient,USA,EU,sulfates,parabens,synthetic_colors,fragrance,triclosan,toluene,talc,lead,PEG,formaldehyde,diethanolamine,alcohol,hydroquinone,other_info,natural
tea carbomer,no,restricted in cosmetics; use,concentration,or manufacturing restrictions - any,no,no,no,no,no,no,no,no,no,no,no,no,violation of government restrictions - restricted in cosmetics; use,concentration,or manufacturing restrictions - any,no
tea cocoyl glutamate,no,safe for use in cosmetics with some qualifications,no,no,no,no,no,no,no,no,no,no,yes,no,no,use restrictions: determined safe for use in cosmetics,subject to concentration or use limitations - safe for use in cosmetics with some qualifications,no
tea dodecylbenzenesulfonate,no,restricted in cosmetics; use,concentration,or manufacturing restrictions - any,yes,no,no,no,no,no,no,no,no,no,yes,no,no,violation of government restrictions - restricted in cosmetics; use,concentration,or manufacturing restrictions - any,no
tea lauroyl collagen amino acids,no,no,yes,no,no,no,no,no,no,no,no,no,yes,no,no,Contains triethanolamine,no
tea myristate,no,restricted in cosmetics; use,concentration,or manufacturing restrictions - any,no,no,no,no,no,no,no,no,no,no,yes,no,no,violation of government restrictions - restricted in cosmetics; use,concentration,or manufacturing restrictions - any,no
tea palmitate,no,safe for use in cosmetics with some qualifications,no,no,no,no,no,no,no,no,no,no,yes,no,no,use restrictions: determined safe for use in cosmetics,subject to concentration or use limitations - any,no
tea salicylate,no,safe for use in cosmetics with some qualifications,yes,no,no,no,no,no,no,no,no,no,yes,no,no,use restrictions: determined safe for use in cosmetics,subject to concentration or use limitations - safe for use in cosmetics with some qualifications,no
tea stearate,no,safe for use in cosmetics with some qualifications,no,no,no,no,no,no,no,no,no,no,yes,no,no,use restrictions: determined safe for use in cosmetics,subject to concentration or use limitations - safe for use in cosmetics with some qualifications,no
tea sulfate,no,safe for use in cosmetics with some qualifications,yes,no,no,no,no,no,no,no,no,no,yes,no,no,use restrictions: determined safe for use in cosmetics,subject to concentration or use limitations - any,no
tectona grandis (teak) wood extract,no,no,no,no,no,no,no,no,no,no,no,no,no,no,no,None,yes
tephrosia purpurea seed extract,no,no,no,no,no,no,no,no,no,no,no,no,no,no,no,None,yes
terephthalate,no,no,no,no,no,no,no,no,no,no,no,no,no,no,no,Harmful chemical. Avoid using products containing this ingredient,no
terminalia ferdinandiana (kakadu plum) extract,no,no,no,no,no,no,no,no,no,no,no,no,no,no,no,None,yes
terminalia myriocarpa (indian almond) extract,no,no,no,no,no,no,no,no,no,no,no,no,no,no,no,None,yes
terpinen 4 ol,no,no,no,no,no,no,no,no,no,no,no,no,yes,no,no,None,yes
terpineol,no,no,no,no,no,yes,no,no,no,no,no,no,yes,no,no,None,yes
terpineol acetate,no,no,no,no,no,yes,no,no,no,no,no,no,no,no,no,None,yes
terpineol,alpha,no,no,no,no,no,yes,no,no,no,no,no,no,yes,no,no,None,yes
terpinolene,no,no,no,no,no,yes,no,no,no,no,no,no,no,no,no,None,yes
tert butylhydroquinone,no,restricted in cosmetics; use,concentration,or manufacturing restrictions - any,no,no,no,no,no,no,no,no,no,no,no,yes,no,violation of government restrictions - restricted in cosmetics; use,concentration,or manufacturing restrictions - any,no
tetraaminopyrimidine sulfate,no,no,yes,no,no,no,no,no,no,no,no,no,no,no,no,None,no
tetrabutyl phenyl hydroxybenzoate,no,no,no,yes,no,no,no,no,no,no,no,no,no,no,no,None,no
tetradecane,no,no,no,no,no,no,no,no,no,no,no,no,no,no,no,None,yes
tetradecene,no,no,no,no,no,no,no,no,no,no,no,no,no,no,no,None,yes
tetradecyl aminobutyroylvalylaminobutyric urea trifluoroacetate,no,no,no,no,no,no,no,no,no,no,no,no,no,no,no,None,no
tetradibutyl pentaerithrityl hydroxyhydrocinnamate,no,safe for use in cosmetics with some qualifications,no,no,no,no,no,no,no,no,no,no,no,no,no,use restrictions: determined safe for use in cosmetics,subject to concentration or use limitations - safe for use in cosmetics with some qualifications,no
tetraethylhexanoate,no,no,no,no,no,no,no,no,no,no,no,no,no,no,no,None,no
tetrafluoropropene,no,no,no,no,no,no,no,no,no,no,no,no,no,no,no,Harmful chemical. Avoid using products containing this ingredient,no
tetrahexyldecyl ascorbate,no,no,no,no,no,no,no,no,no,no,no,no,no,no,no,None,no
tetrahydro 6 pent 2 enyl pyran 2 one,no,no,no,no,no,yes,no,no,no,no,no,no,no,no,no,None,no
tetrahydro 6 pent 3 enyl pyran 2 one,no,no,no,no,no,yes,no,no,no,no,no,no,no,no,no,None,no
tetrahydro dimethylbenzofuran,no,no,no,no,no,yes,no,no,no,no,no,no,no,no,no,None,no
tetrahydro methyl phenyl pyran,no,no,no,no,no,yes,no,no,no,no,no,no,no,no,no,None,no
tetrahydrobisdemethoxydiferuloylmethane,no,no,no,no,no,no,no,no,no,no,no,no,no,no,no,None,no
tetrahydrodemethoxydiferuloylmethane,no,no,no,no,no,no,no,no,no,no,no,no,no,no,no,None,no
tetrahydrodiferuloylmethane,no,no,no,no,no,no,no,no,no,no,no,no,no,no,no,None,no
tetrahydrofuran,no,no,no,no,no,no,no,no,no,no,no,no,no,no,no,Harmful chemical. Avoid using products containing this ingredient,no
tetrahydroxypropyl ethylenediamine,no,no,no,no,no,no,no,no,no,no,no,no,no,no,no,None,no
tetramethyl acetyloctahydronaphthalenes,no,no,no,no,no,yes,no,no,no,no,no,no,no,no,no,None,no
tetramethylpyrazine,no,no,no,no,no,no,no,no,no,no,no,no,no,no,no,None,no
tetrapeptide 14,no,no,no,no,no,no,no,no,no,no,no,no,no,no,no,None,no
tetrapeptide 21,no,no,no,no,no,no,no,no,no,no,no,no,no,no,no,None,no
tetrapeptide 28 argininamide,no,no,no,no,no,no,no,no,no,no,no,no,no,no,no,None,no
tetrapeptide 29 argininamide,no,no,no,no,no,no,no,no,no,no,no,no,no,no,no,None,no
tetrapotassium pyrophosphate,no,no,no,no,no,no,no,no,no,no,no,no,no,no,no,None,no
tetraselmis suecica extract,no,no,no,no,no,no,no,no,no,no,no,no,no,no,no,None,yes
tetrasodium disuccinoyl cystine,no,no,no,no,no,no,no,no,no,no,no,no,no,no,no,None,no
tetrasodium edta,no,safe for use in cosmetics with some qualifications,no,no,no,no,no,no,no,no,no,no,no,no,no,use restrictions: determined safe for use in cosmetics,subject to concentration or use limitations - safe for use in cosmetics with some qualifications,no
tetrasodium etidronate,no,safe for use in cosmetics with some qualifications,no,no,no,no,no,no,no,no,no,no,no,no,no,use restrictions: determined safe for use in cosmetics,subject to concentration or use limitations - safe for use in cosmetics with some qualifications,no
tetrasodium glutamate diacetate,no,no,no,no,no,no,no,no,no,no,no,no,no,no,no,None,no
tetrasodium iminodisuccinate,no,no,no,no,no,no,no,no,no,no,no,no,no,no,no,None,no
tetrasodium pyrophosphate,no,no,no,no,no,no,no,no,no,no,no,no,no,no,no,None,no
theobroma cacao (cacao) extract,no,no,no,no,no,no,no,no,no,no,no,no,no,no,no,None,yes
theobroma cacao (cacao) seed oil,no,no,no,no,no,no,no,no,no,no,no,no,no,no,no,None,yes
theobroma cacao (cocoa) paste,no,no,no,no,no,no,no,no,no,no,no,no,no,no,no,None,yes
theobroma cacao (cocoa) seed butter,no,no,no,no,no,no,no,no,no,no,no,no,no,no,no,None,yes
theobroma cacao (cocoa) shell powder,no,no,no,no,no,no,no,no,no,no,no,no,no,no,no,None,yes
theobroma cacao fruit powder,no,no,no,no,no,no,no,no,no,no,no,no,no,no,no,None,yes
theobroma cacao seed powder,no,no,no,no,no,no,no,no,no,no,no,no,no,no,no,None,yes
theobroma grandiflorum (theobroma),no,no,no,no,no,no,no,no,no,no,no,no,no,no,no,None,yes
theobroma grandiflorum (theobroma) seed butter,no,no,no,no,no,no,no,no,no,no,no,no,no,no,no,None,yes
theobromine,no,no,no,no,no,no,no,no,no,no,no,no,no,no,no,None,yes
theobromo cacao (cocoa) powder,no,no,no,no,no,no,no,no,no,no,no,no,no,no,no,None,yes
thermus thermophillus ferment,no,no,no,no,no,no,no,no,no,no,no,no,no,no,no,None,yes
thiamin,no,no,no,no,no,no,no,no,no,no,no,no,no,no,no,None,yes
thiamine hydrochloride,no,no,no,no,no,no,no,no,no,no,no,no,no,no,no,None,no
ingredient,USA,EU,sulfates,parabens,synthetic_colors,fragrance,triclosan,toluene,talc,lead,PEG,formaldehyde,diethanolamine,alcohol,hydroquinone,other_info,natural
thiamine nitrate,no,no,no,no,no,no,no,no,no,no,no,no,no,no,no,None,yes
thioctic acid,no,no,no,no,no,no,no,no,no,no,no,no,no,no,no,None,yes
thioglycerin,no,no,no,no,no,no,no,no,no,no,no,no,no,no,no,None,yes
thioglycolic acid,no,no,no,no,no,no,no,no,no,no,no,no,no,no,no,None,yes
threonine,no,no,no,no,no,no,no,no,no,no,no,no,no,no,no,None,yes
thuja occidentalis (arborvitae) leaf oil,no,no,no,no,no,no,no,no,no,no,no,no,no,no,no,None,yes
thuja occidentalis bark extract,no,no,no,no,no,no,no,no,no,no,no,no,no,no,no,None,yes
thuja occidentalis leaf extract,no,no,no,no,no,no,no,no,no,no,no,no,no,no,no,None,yes
thuja orientalis extract,no,no,no,no,no,no,no,no,no,no,no,no,no,no,no,None,yes
thuja plicata leaf oil,no,no,no,no,no,no,no,no,no,no,no,no,no,no,no,None,yes
thyme,no,no,no,no,no,no,no,no,no,no,no,no,no,no,no,None,yes
thymol,no,no,no,no,no,no,no,no,no,no,no,no,no,no,no,None,yes
thymus mastichina (marjoram) oil,no,no,no,no,no,no,no,no,no,no,no,no,no,no,no,None,yes
thymus praecox (mother of thyme) extract,no,no,no,no,no,no,no,no,no,no,no,no,no,no,no,None,yes
thymus serpillum (wild thyme) extract,no,no,no,no,no,no,no,no,no,no,no,no,no,no,no,None,yes
thymus vulgaris (common thyme),no,no,no,no,no,no,no,no,no,no,no,no,no,no,no,None,yes
thymus vulgaris (common thyme) leaf extract,no,no,no,no,no,no,no,no,no,no,no,no,no,no,May cause allergic reactions,yes
thymus vulgaris (common thyme) oil,no,no,no,no,no,no,no,no,no,no,no,no,no,no,None,yes
thymus vulgaris (thyme) extract,no,no,no,no,no,no,no,no,no,no,no,no,no,no,May cause allergic reactions,yes
thymus vulgaris (thyme) leaf,no,no,no,no,no,no,no,no,no,no,no,no,no,no,May cause allergic reactions,yes
thymus zygis oil,no,no,no,no,no,no,no,no,no,no,no,no,no,no,no,None,yes
tilia cordata (linden) extract,no,no,no,no,no,no,no,no,no,no,no,no,no,no,no,None,yes
tilia cordata (linden) flower,no,no,no,no,no,no,no,no,no,no,no,no,no,no,no,None,yes
tilia cordata (linden) flower extract,no,no,no,no,no,no,no,no,no,no,no,no,no,no,no,None,yes
tilia cordata (linden) oil,no,no,no,no,no,no,no,no,no,no,no,no,no,no,no,None,yes
tilia europaea flower extract,no,no,no,no,no,no,no,no,no,no,no,no,no,no,no,None,yes
tilia platyphyllos extract,no,no,no,no,no,no,no,no,no,no,no,no,no,no,no,None,yes
tilia tomentosa bud extract,no,no,no,no,no,no,no,no,no,no,no,no,no,no,no,None,yes
tilia tomentosa extract,no,no,no,no,no,no,no,no,no,no,no,no,no,no,no,None,yes
tin,no,no,no,no,no,no,no,no,no,no,no,no,no,no,no,None,yes
tin oxide,no,no,no,no,no,no,no,no,no,no,no,no,no,no,no,May cause mild skin and lung irritation,yes
tinosorb m,no,no,no,no,no,no,no,no,no,no,no,no,no,no,no,None,no
titanium dioxide,no,no,no,no,no,no,no,no,no,no,no,no,no,no,no,May cause mild skin and lung irritation,yes
titanium dioxide (sunscreen grade),no,no,no,no,no,no,no,no,no,no,no,no,no,no,no,May cause mild skin and lung irritation,yes
titanium oxide (tio),no,no,no,no,no,no,no,no,no,no,no,no,no,no,no,May cause mild skin and lung irritation,yes
titanium powder,no,no,no,no,no,no,no,no,no,no,no,no,no,no,no,May cause mild skin and lung irritation,yes
titanium/titanium dioxide,no,no,no,no,no,no,no,no,no,no,no,no,no,no,no,May cause mild skin and lung irritation,yes
tocopherol,no,no,no,no,no,no,no,no,no,no,no,no,no,no,no,None,yes
tocopherol,d alpha,no,no,no,no,no,no,no,no,no,no,no,no,no,no,no,None,yes
tocophersolan,no,no,no,no,no,no,no,no,no,no,no,no,no,no,no,None,yes
tocopheryl acetate,no,no,no,no,no,no,no,no,no,no,no,no,no,no,no,None,yes
tocopheryl glucoside,no,no,no,no,no,no,no,no,no,no,no,no,no,no,no,None,yes
tocopheryl linoleate,no,no,no,no,no,no,no,no,no,no,no,no,no,no,no,None,yes
tocopheryl linoleate/ oleate,no,no,no,no,no,no,no,no,no,no,no,no,no,no,no,None,yes
tocopheryl nicotinate,no,no,no,no,no,no,no,no,no,no,no,no,no,yes,May contain hydroquinone,yes
tocotrienols,no,no,no,no,no,no,no,no,no,no,no,no,no,no,no,None,yes
tolnaftate,no,no,no,no,no,no,no,no,no,no,no,no,no,no,no,None,no
toluene,yes,yes,no,no,no,no,no,yes,no,no,no,no,no,no,no,Carcinogen,may cause developmental harm,no
toluene 2,5 diamine,no,no,no,no,no,no,no,yes,no,no,no,no,no,no,no,None,no
toluenediamine sulfate,p,no,no,no,no,no,no,no,yes,no,no,no,no,no,no,no,None,no
tonka bean extract,no,no,no,no,no,yes,no,no,no,no,no,no,no,no,no,Contains fragrance,yes
tonka bean oil,no,no,no,no,no,yes,no,no,no,no,no,no,no,no,no,Contains fragrance,yes
topaz,no,no,no,no,no,no,no,no,no,no,no,no,no,no,no,None,yes
torreya nucifera seed oil,no,no,no,no,no,no,no,no,no,no,no,no,no,no,no,None,yes
tosylamide,no,no,no,no,no,no,no,no,no,no,no,no,no,no,no,None,no
tosylamide/ epoxy resin,no,no,no,no,no,no,no,no,no,no,no,no,no,no,no,None,no
tosylamide/ formaldehyde resin,no,no,no,no,no,no,no,no,no,no,yes,yes,no,no,no,Formaldehyde releasing agent,no
totarol,no,no,no,no,no,no,no,no,no,no,no,no,no,no,no,None,yes
tourmaline,no,no,no,no,no,no,no,no,no,no,no,no,no,no,no,None,yes
trametes versicolor extract,no,no,no,no,no,no,no,no,no,no,no,no,no,no,no,None,yes
ingredient,USA,EU,sulfates,parabens,synthetic_colors,fragrance,triclosan,toluene,talc,lead,PEG,formaldehyde,diethanolamine,alcohol,hydroquinone,other_info,natural
triticum vulgare (wheat) germ powder,no,no,no,no,no,no,no,no,no,no,no,no,no,no,no,May cause allergic reactions in individuals sensitive to wheat.,yes
triticum vulgare (wheat) gluten,no,no,no,no,no,no,no,no,no,no,no,no,no,no,no,May cause allergic reactions in individuals sensitive to wheat.,yes
triticum vulgare (wheat) protein,no,no,no,no,no,no,no,no,no,no,no,no,no,no,no,May cause allergic reactions in individuals sensitive to wheat.,yes
triticum vulgare (wheat) seed extract,no,no,no,no,no,no,no,no,no,no,no,no,no,no,no,May cause allergic reactions in individuals sensitive to wheat.,yes
triticum vulgare (wheat) starch,no,no,no,no,no,no,no,no,no,no,no,no,no,no,no,May cause allergic reactions in individuals sensitive to wheat.,yes
tromethamine,no,no,no,no,no,no,no,no,no,no,no,no,no,no,no,None,no
tropaeolum majus (nasturtium) extract,no,no,no,no,no,no,no,no,no,no,no,no,no,no,no,None,yes
tropolone,no,no,no,no,no,no,no,no,no,no,no,no,no,no,no,Can be naturally occuring but is often synthetic.,yes
troxerutin,no,no,no,no,no,no,no,no,no,no,no,no,no,no,no,None,yes
tryptophan,no,no,no,no,no,no,no,no,no,no,no,no,no,no,no,Naturally occuring essential amino acid.,yes
tuber magnatum extract,no,no,no,no,no,no,no,no,no,no,no,no,no,no,no,None,yes
tuber melanosporum extract,no,no,no,no,no,no,no,no,no,no,no,no,no,no,no,None,yes
tulsi (holy basil),no,no,no,no,no,no,no,no,no,no,no,no,no,no,no,None,yes
turnera diffusa extract,no,no,no,no,no,no,no,no,no,no,no,no,no,no,no,None,yes
tussilago farfara (coltsfoot),no,no,no,no,no,no,no,no,no,no,no,no,no,no,no,Contains tumorigenic PAs. Its use in cosmetics is restricted in Canada.,yes
tussilago farfara (coltsfoot) flower extract,no,no,no,no,no,no,no,no,no,no,no,no,no,no,no,Contains tumorigenic PAs. Its use in cosmetics is restricted in Canada.,yes
tussilago farfara (coltsfoot) leaf,no,no,no,no,no,no,no,no,no,no,no,no,no,no,no,Contains tumorigenic PAs. Its use in cosmetics is restricted in Canada.,yes
tussilago farfara (coltsfoot) leaf extract,no,no,no,no,no,no,no,no,no,no,no,no,no,no,no,Contains tumorigenic PAs. Its use in cosmetics is restricted in Canada.,yes
tyrosine,no,no,no,no,no,no,no,no,no,no,no,no,no,no,no,Naturally occuring amino acid.,yes
ubiquinol,no,no,no,no,no,no,no,no,no,no,no,no,no,no,no,Naturally occuring in the body.,yes
ubiquinone,no,no,no,no,no,no,no,no,no,no,no,no,no,no,no,Also known as Coenzyme Q10,naturally occuring.,yes
ulmus davidiana root extract,no,no,no,no,no,no,no,no,no,no,no,no,no,no,no,None,yes
ulmus fulva (slippery elm),no,no,no,no,no,no,no,no,no,no,no,no,no,no,no,None,yes
ulmus fulva (slippery elm) bark,no,no,no,no,no,no,no,no,no,no,no,no,no,no,no,None,yes
ulmus fulva (slippery elm) bark extract,no,no,no,no,no,no,no,no,no,no,no,no,no,no,no,None,yes
ulmus rubra (slippery elm),no,no,no,no,no,no,no,no,no,no,no,no,no,no,no,None,yes
ultramarines,no,no,no,no,yes,no,no,no,no,no,no,no,no,no,no,Synthetic blue pigment.,no
ulva lactuca (sea lettuce) extract,no,no,no,no,no,no,no,no,no,no,no,no,no,no,no,None,yes
undaria pinnatifida extract,no,no,no,no,no,no,no,no,no,no,no,no,no,no,no,None,yes
undecane,no,no,no,no,no,no,no,no,no,no,no,no,no,no,no,None,no
undecenal,no,no,no,no,no,yes,no,no,no,no,no,no,no,no,no,None,no
undeceth 11,no,no,no,no,no,no,no,no,no,no,yes,no,no,no,no,None,no
undeceth 3,no,no,no,no,no,no,no,no,no,no,yes,no,no,no,no,None,no
undeceth 5,no,no,no,no,no,no,no,no,no,no,yes,no,no,no,no,None,no
undecyl alcohol,no,no,no,no,no,no,no,no,no,no,no,no,no,yes,no,Fatty alcohol,can be naturally occuring.,yes
undecyl dimethyl oxazoline,no,no,no,no,no,no,no,no,no,no,no,no,no,no,no,None,no
undecylenal,no,no,no,no,no,yes,no,no,no,no,no,no,no,no,no,None,no
undecylenamidopropyl betaine,no,no,no,no,no,no,no,no,no,no,no,no,no,no,no,None,no
undecylenic acid,no,no,no,no,no,no,no,no,no,no,no,no,no,no,no,None,yes
undecylenoyl glycine,no,no,no,no,no,no,no,no,no,no,no,no,no,no,no,None,no
undecylenoyl phenylalanine,no,no,no,no,no,no,no,no,no,no,no,no,no,no,no,None,no
unspecified color,no,no,no,no,yes,no,no,no,no,no,no,no,no,no,no,May contain pigments derived from natural or synthetic sources.,unknown
unspecified extracts,no,no,no,no,no,no,no,no,no,no,no,no,no,no,no,May contain various plant-derived or synthetic ingredients.,unknown
unspecified flavor,no,no,no,no,no,yes,no,no,no,no,no,no,no,no,no,May contain natural or synthetic flavoring agents.,unknown
unspecified herbs,no,no,no,no,no,no,no,no,no,no,no,no,no,no,no,May contain a variety of plant-derived ingredients.,yes
unspecified inci,no,no,no,no,no,no,no,no,no,no,no,no,no,no,no,This refers to an ingredient that is not specifically identified.,unknown
unspecified minerals,no,no,no,no,no,no,no,no,no,no,no,no,no,no,no,May include various minerals derived from natural sources.,yes
unspecified preservatives,no,no,no,yes,no,no,no,no,no,no,no,yes,no,no,no,May contain a variety of synthetic preservatives,some of which may be harmful.,unknown
unspecified waxes,no,no,no,no,no,no,no,no,no,no,no,no,no,no,no,May be derived from natural sources like plants or animals,or synthetic.,unknown
urea,no,no,no,no,no,no,no,no,no,no,no,no,no,no,no,None,yes
ursolic acid,no,no,no,no,no,no,no,no,no,no,no,no,no,no,no,Naturally found in many plants.,yes
urtica dioica (nettle),no,no,no,no,no,no,no,no,no,no,no,no,no,no,no,May cause allergic reactions in some individuals.,yes
urtica dioica (nettle) extract,no,no,no,no,no,no,no,no,no,no,no,no,no,no,no,May cause allergic reactions in some individuals.,yes
urtica dioica (nettle) infusion,no,no,no,no,no,no,no,no,no,no,no,no,no,no,no,May cause allergic reactions in some individuals.,yes
urtica dioica (nettle) leaf,no,no,no,no,no,no,no,no,no,no,no,no,no,no,no,May cause allergic reactions in some individuals.,yes
urtica dioica (nettle) leaf extract,no,no,no,no,no,no,no,no,no,no,no,no,no,no,no,May cause allergic reactions in some individuals.,yes
urtica dioica (nettle) leaf powder,no,no,no,no,no,no,no,no,no,no,no,no,no,no,no,May cause allergic reactions in some individuals.,yes
urtica dioica (nettle) oil,no,no,no,no,no,no,no,no,no,no,no,no,no,no,no,May cause allergic reactions in some individuals.,yes
urtica dioica (nettle) root extract,no,no,no,no,no,no,no,no,no,no,no,no,no,no,no,May cause allergic reactions in some individuals.,yes
urtica urens leaf extract,no,no,no,no,no,no,no,no,no,no,no,no,no,no,no,May cause allergic reactions in some individuals.,yes
usnea barbata (beard moss),no,no,no,no,no,no,no,no,no,no,no,no,no,no,no,None,yes
usnea barbata (beard moss) extract,no,no,no,no,no,no,no,no,no,no,no,no,no,no,no,None,yes
va crotonates/ vinyl neodecanoate copolymer,no,no,no,no,no,no,no,no,no,no,yes,no,no,no,no,None,no
va/ crotonates copolymer,no,no,no,no,no,no,no,no,no,no,yes,no,no,no,no,None,no
va/ vinyl butyl benzoate/ crotonates copolymer,no,no,no,no,no,no,no,no,no,no,yes,no,no,no,no,None,no
va/butyl maleate/isobornyl acrylate copolymer,no,no,no,no,no,no,no,no,no,no,yes,no,no,no,no,None,no
vaccinium angustifolium (blueberry) extract,no,no,no,no,no,no,no,no,no,no,no,no,no,no,no,None,yes
vaccinium angustifolium (blueberry) fruit,no,no,no,no,no,no,no,no,no,no,no,no,no,no,no,None,yes
vaccinium angustifolium (blueberry) fruit extract,no,no,no,no,no,no,no,no,no,no,no,no,no,no,no,None,yes
vaccinium angustifolium leaf extract,no,no,no,no,no,no,no,no,no,no,no,no,no,no,no,None,yes
vaccinium corymbosum (blueberry) fruit,no,no,no,no,no,no,no,no,no,no,no,no,no,no,no,None,yes
oleyl erucate,no,no,no,no,no,no,no,no,no,no,no,no,no,no,no,None,yes
hydrolyzed oat flour,no,no,no,no,no,no,no,no,no,no,no,no,no,no,no,None,yes
triticum aestivum peptide,no,no,no,no,no,no,no,no,no,no,no,no,no,no,no,May cause allergic reactions in individuals sensitive to wheat.,yes
heptyl undecylenate,no,no,no,no,no,no,no,no,no,no,no,no,no,no,no,None,no
triticum vulgare (wheat) germ oil unsaponifiables,no,no,no,no,no,no,no,no,no,no,no,no,no,no,no,May cause allergic reactions in individuals sensitive to wheat.,yes
triticum vulgare (wheat) bran extract,no,no,no,no,no,no,no,no,no,no,no,no,no,no,no,May cause allergic reactions in individuals sensitive to wheat.,yes
triticum vulgare (wheat) flour lipids,no,no,no,no,no,no,no,no,no,no,no,no,no,no,no,May cause allergic reactions in individuals sensitive to wheat.,yes
triticum vulgare (wheat),no,no,no,no,no,no,no,no,no,no,no,no,no,no,no,May cause allergic reactions in individuals sensitive to wheat.,yes
triticum vulgare (wheat) germ protein,no,no,no,no,no,no,no,no,no,no,no,no,no,no,no,May cause allergic reactions in individuals sensitive to wheat.,yes
triticum vulgare (wheat) germ glycerides,no,no,no,no,no,no,no,no,no,no,no,no,no,no,no,May cause allergic reactions in individuals sensitive to wheat.,yes
hydrolyzed wheat gluten,no,no,no,no,no,no,no,no,no,no,no,no,no,no,no,May cause allergic reactions in individuals sensitive to wheat.,yes
triticum vulgare (wheat) flour extract,no,no,no,no,no,no,no,no,no,no,no,no,no,no,no,May cause allergic reactions in individuals sensitive to wheat.,yes
triticum vulgare (wheat) germ extract,no,no,no,no,no,no,no,no,no,no,no,no,no,no,no,May cause allergic reactions in individuals sensitive to wheat.,yes
saponified triticum vulgare (wheat) germ oil,no,no,no,no,no,no,no,no,no,no,no,no,no,no,no,May cause allergic reactions in individuals sensitive to wheat.,yes
ingredient,USA,EU,sulfates,parabens,synthetic_colors,fragrance,triclosan,toluene,talc,lead,PEG,formaldehyde,diethanolamine,alcohol,hydroquinone,other_info,natural
vaccinium corymbosum (blueberry) seed oil,no,no,no,no,no,no,no,no,no,no,no,no,no,no,no,None,yes
vaccinium macrocarpon (american cranberry) oil,no,no,no,no,no,no,no,no,no,no,no,no,no,no,no,None,yes
vaccinium macrocarpon (cranberry) fruit,no,no,no,no,no,no,no,no,no,no,no,no,no,no,no,None,yes
vaccinium macrocarpon (cranberry) fruit extract,no,no,no,no,no,no,no,no,no,no,no,no,no,no,no,None,yes
vaccinium macrocarpon (cranberry) fruit juice,no,no,no,no,no,no,no,no,no,no,no,no,no,no,no,None,yes
vaccinium macrocarpon (cranberry) seed,no,no,no,no,no,no,no,no,no,no,no,no,no,no,no,None,yes
vaccinium macrocarpon (cranberry) seed oil,no,no,no,no,no,no,no,no,no,no,no,no,no,no,no,None,yes
vaccinium macrocarpon seed powder,no,no,no,no,no,no,no,no,no,no,no,no,no,no,no,None,yes
vaccinium myrtillus (bilberry),no,no,no,no,no,no,no,no,no,no,no,no,no,no,no,None,yes
vaccinium myrtillus (bilberry) extract,no,no,no,no,no,no,no,no,no,no,no,no,no,no,no,None,yes
vaccinium myrtillus (bilberry) fruit extract,no,no,no,no,no,no,no,no,no,no,no,no,no,no,no,None,yes
vaccinium myrtillus (bilberry) seed oil,no,no,no,no,no,no,no,no,no,no,no,no,no,no,no,None,yes
vaccinium uliginosum (northern bilberry) extract,no,no,no,no,no,no,no,no,no,no,no,no,no,no,no,None,yes
vaccinium vitis idaea seed oil,no,no,no,no,no,no,no,no,no,no,no,no,no,no,no,None,yes
valeriana officinalis (valerian) root,no,no,no,no,no,no,no,no,no,no,no,no,no,no,no,None,yes
valeriana officinalis collina root extraxt,no,no,no,no,no,no,no,no,no,no,no,no,no,no,no,None,yes
valeriana wallichii root extract,no,no,no,no,no,no,no,no,no,no,no,no,no,no,no,None,yes
valeronitrile,4 (dimethylamino) 2 isopropyl 2 phenyl,no,no,no,no,no,no,no,no,no,no,no,no,no,no,no,None,no
valine,no,no,no,no,no,no,no,no,no,no,no,no,no,no,no,None,yes
vanccinium corybosum (blueberry) extract,no,no,no,no,no,no,no,no,no,no,no,no,no,no,no,None,yes
vanilla oleoresin,no,no,no,no,no,no,no,no,no,no,no,no,no,no,no,None,yes
vanilla planifolia (vanilla),no,no,no,no,no,no,no,no,no,no,no,no,no,no,no,None,yes
vanilla planifolia (vanilla) bean,no,no,no,no,no,no,no,no,no,no,no,no,no,no,no,None,yes
vanilla planifolia (vanilla) fruit,no,no,no,no,no,no,no,no,no,no,no,no,no,no,no,None,yes
vanilla planifolia (vanilla) fruit extract,no,no,no,no,no,no,no,no,no,no,no,no,no,no,no,None,yes
vanilla planifolia (vanilla) oil,no,no,no,no,no,no,no,no,no,no,no,no,no,no,no,None,yes
vanilla planifolia seed powder,no,no,no,no,no,no,no,no,no,no,no,no,no,no,no,None,yes
vanilla resinoid natural,no,no,no,no,no,no,no,no,no,no,no,no,no,no,no,None,yes
vanilla tahitensis (vanilla),no,no,no,no,no,no,no,no,no,no,no,no,no,no,no,None,yes
vanilla tahitensis fruit extract,no,no,no,no,no,no,no,no,no,no,no,no,no,no,no,None,yes
vanillin,no,no,no,no,no,no,no,no,no,no,no,no,no,no,no,Known human toxicant or allergen,no
vanillyl butyl ether,no,no,no,no,no,no,no,no,no,no,no,no,no,no,no,None,no
vegetable amino acids,no,no,no,no,no,no,no,no,no,no,no,no,no,no,no,None,yes
vegetable cellulose,no,no,no,no,no,no,no,no,no,no,no,no,no,no,no,None,yes
vegetable cetearyl glucoside,no,no,no,no,no,no,no,no,no,no,no,no,no,no,no,None,yes
vegetable cetyl alcohol,no,no,no,no,no,no,no,no,no,no,no,no,no,no,no,None,yes
vegetable decyl glucoside,no,no,no,no,no,no,no,no,no,no,no,no,no,no,no,None,yes
vegetable fatty acid,no,no,no,no,no,no,no,no,no,no,no,no,no,no,no,None,yes
vegetable glyceryl stearate,no,no,no,no,no,no,no,no,no,no,no,no,no,no,no,None,yes
vegetable gum/ glycerin extract,no,no,no,no,no,no,no,no,no,no,no,no,no,no,no,None,yes
vegetable oil,no,no,no,no,no,no,no,no,no,no,no,no,no,no,no,None,yes
vegetable protein,no,no,no,no,no,no,no,no,no,no,no,no,no,no,no,None,yes
vegetarian glycerin,no,no,no,no,no,no,no,no,no,no,no,no,no,no,no,None,yes
verbascum thapsus (common mullein) extract,no,no,no,no,no,no,no,no,no,no,no,no,no,no,no,None,yes
verbena (lippia citriodora) oil,yes,no,no,no,no,no,no,no,no,no,no,no,no,no,no,Banned or found unsafe for use in cosmetics in the USA,yes
verbena officinalis (vervain) extract,no,no,no,no,no,no,no,no,no,no,no,no,no,no,no,None,yes
verdyl acetate,no,no,no,no,no,no,no,no,no,no,no,no,no,no,no,None,no
vernaldehyde,no,no,no,no,no,no,no,no,no,no,no,no,no,no,no,None,no
veronica officinalis (speedwell) extract,no,no,no,no,no,no,no,no,no,no,no,no,no,no,no,None,yes
vetiver,no,no,no,no,no,no,no,no,no,no,no,no,no,no,no,None,yes
vetiveria zizanoides (vetiver),no,no,no,no,no,no,no,no,no,no,no,no,no,no,no,None,yes
vetiveria zizanoides root extract,no,no,no,no,no,no,no,no,no,no,no,no,no,no,no,None,yes
vetiveria zizanoides root oil,no,no,no,no,no,no,no,no,no,no,no,no,no,no,no,None,yes
vetiveryl acetate,no,no,no,no,no,no,no,no,no,no,no,no,no,no,no,None,no
vibrio alginolyticus ferment filtrate,no,no,no,no,no,no,no,no,no,no,no,no,no,no,no,None,yes
vigna aconitifolia seed extract,no,no,no,no,no,no,no,no,no,no,no,no,no,no,no,None,yes
vigna radiata seed extract,no,no,no,no,no,no,no,no,no,no,no,no,no,no,no,None,yes
vinegar,no,no,no,no,no,no,no,no,no,no,no,no,no,no,no,None,yes
vinyl caprolactam/ pvp/ dimethylaminoethyl methacrylate copolymer,no,no,no,no,no,no,no,no,no,no,no,no,no,no,no,None,no
vinyl dimethicone,no,no,no,no,no,no,no,no,no,no,no,no,no,no,no,None,no
vinyl dimethicone/ methicone silsesquioxane crosspolymer,no,no,no,no,no,no,no,no,no,no,no,no,no,no,no,None,no
vinyl dimethicone/lauryl dimethicone crosspolymer,no,no,no,no,no,no,no,no,no,no,no,no,no,no,no,None,no
vinyl dimethyl/trimethylsiloxysilicate stearyl dimethicone crosspolymer,no,no,no,no,no,no,no,no,no,no,no,no,no,no,no,None,no
viola odorata (violet) leaf,no,no,no,no,no,no,no,no,no,no,no,no,no,no,no,None,yes
viola odorata extract,no,no,no,no,no,no,no,no,no,no,no,no,no,no,no,None,yes
viola odorata leaf extract,no,no,no,no,no,no,no,no,no,no,no,no,no,no,no,None,yes
viola odorata oil,no,no,no,no,no,no,no,no,no,no,no,no,no,no,no,None,yes
ingredient,USA,EU,sulfates,parabens,synthetic_colors,fragrance,triclosan,toluene,talc,lead,PEG,formaldehyde,diethanolamine,alcohol,hydroquinone,other_info,natural
viola tricolor (heartsease) flower extract,no,no,no,no,no,no,no,no,no,no,no,no,no,no,no,Potential neurotoxin at moderate doses.,yes
viola tricolor extract,no,no,no,no,no,no,no,no,no,no,no,no,no,no,no,Potential neurotoxin at moderate doses.,yes
viola yedoensis extract,no,no,no,no,no,no,no,no,no,no,no,no,no,no,no,None,yes
virola sebifera nut oil,no,no,no,no,no,no,no,no,no,no,no,no,no,no,no,None,yes
viscum album (mistletoe) extract,no,no,no,no,no,no,no,no,no,no,no,no,no,no,no,Can be toxic if ingested.,yes
viscum album (mistletoe) leaf extract,no,no,no,no,no,no,no,no,no,no,no,no,no,no,no,Can be toxic if ingested.,yes
visnaga vera fruit/stem extract,no,no,no,no,no,no,no,no,no,no,no,no,no,no,no,None,yes
vitamin b,no,no,no,no,no,no,no,no,no,no,no,no,no,no,no,Synthetically produced.,no
vitamin b complex,no,no,no,no,no,no,no,no,no,no,no,no,no,no,no,Synthetically produced.,no
vitamin b1,no,no,no,no,no,no,no,no,no,no,no,no,no,no,no,Synthetically produced.,no
vitamin b2,no,no,no,no,no,no,no,no,no,no,no,no,no,no,no,Synthetically produced.,no
vitamin b3,no,no,no,no,no,no,no,no,no,no,no,no,no,no,no,Synthetically produced.,no
vitamin b8,no,no,no,no,no,no,no,no,no,no,no,no,no,no,no,Synthetically produced.,no
vitamin c ester,no,no,no,no,no,no,no,no,no,no,no,no,no,no,no,Synthetically produced.,no
vitamin d,no,no,no,no,no,no,no,no,no,no,no,no,no,no,no,Synthetically produced.,no
vitamin d3,no,no,no,no,no,no,no,no,no,no,no,no,no,no,no,Synthetically produced.,no
vitamin e succinate,no,no,no,no,no,no,no,no,no,no,no,no,no,no,no,Synthetically produced.,no
vitamin f,no,no,no,no,no,no,no,no,no,no,no,no,no,no,no,Synthetically produced.,no
vitamin k,no,no,no,no,no,no,no,no,no,no,no,no,no,no,no,Synthetically produced.,no
vitamin k2,no,no,no,no,no,no,no,no,no,no,no,no,no,no,no,Synthetically produced.,no
vitellaria nilotica (east african shea butter),no,no,no,no,no,no,no,no,no,no,no,no,no,no,no,None,yes
vitex agnus castus extract,no,no,no,no,no,no,no,no,no,no,no,no,no,no,no,None,yes
vitex trifolia (chaste tree) fruit extract,no,no,no,no,no,no,no,no,no,no,no,no,no,no,no,None,yes
vitis rotundifolia (muscadine grape) fruit extract,no,no,no,no,no,no,no,no,no,no,no,no,no,no,no,None,yes
vitis rotundifolia (muscadine) seed oil,no,no,no,no,no,no,no,no,no,no,no,no,no,no,no,None,yes
vitis vinifera (grape),no,no,no,no,no,no,no,no,no,no,no,no,no,no,no,None,yes
vitis vinifera (grape) flower cell extract,no,no,no,no,no,no,no,no,no,no,no,no,no,no,no,None,yes
vitis vinifera (grape) fruit extract,no,no,no,no,no,no,no,no,no,no,no,no,no,no,no,None,yes
vitis vinifera (grape) fruit water,no,no,no,no,no,no,no,no,no,no,no,no,no,no,no,None,yes
vitis vinifera (grape) juice,no,no,no,no,no,no,no,no,no,no,no,no,no,no,no,None,yes
vitis vinifera (grape) juice extract,no,no,no,no,no,no,no,no,no,no,no,no,no,no,no,None,yes
vitis vinifera (grape) leaf extract,no,no,no,no,no,no,no,no,no,no,no,no,no,no,no,None,yes
vitis vinifera (grape) leaf oil,no,no,no,no,no,no,no,no,no,no,no,no,no,no,no,None,yes
vitis vinifera (grape) seed,no,no,no,no,no,no,no,no,no,no,no,no,no,no,no,None,yes
vitis vinifera (grape) seed extract,no,no,no,no,no,no,no,no,no,no,no,no,no,no,no,None,yes
vitis vinifera (grape) seed oil,no,no,no,no,no,no,no,no,no,no,no,no,no,no,no,None,yes
vitis vinifera (grape) skin extract,no,no,no,no,no,no,no,no,no,no,no,no,no,no,no,None,yes
vitis vinifera (grape) vine extract,no,no,no,no,no,no,no,no,no,no,no,no,no,no,no,None,yes
voandzeia subterranea seed extract,no,no,no,no,no,no,no,no,no,no,no,no,no,no,no,None,yes
volcanic ash,no,no,no,no,no,no,no,no,yes,no,no,no,no,no,no,None,yes
volcanic rock,no,no,no,no,no,no,no,no,yes,no,no,no,no,no,no,None,yes
volcanic sand,no,no,no,no,no,no,no,no,yes,no,no,no,no,no,no,None,yes
vp/ acrylates/ lauryl methacrylate copolymer,no,no,no,no,no,no,no,no,no,no,yes,no,no,no,no,None,no
vp/ dimethylaminoethylmethacrylate copolymer,no,no,no,no,no,no,no,no,no,no,yes,no,no,no,no,None,no
vp/ dmapa acrylates copolymer,no,no,no,no,no,no,no,no,no,no,yes,no,no,no,no,None,no
vp/ eicosene copolymer,no,no,no,no,no,no,no,no,no,no,yes,no,no,no,no,None,no
vp/ hexadecene copolymer,no,no,no,no,no,no,no,no,no,no,yes,no,no,no,no,None,no
vp/ methacrylamide/ vinyl imidazole copolymer,no,no,no,no,no,no,no,no,no,no,yes,no,no,no,no,None,no
vp/va copolymer,no,no,no,no,no,no,no,no,no,no,yes,no,no,no,no,None,no
vp/vinyl caprolactam/dmapa acrylates copolymer,no,no,no,no,no,no,no,no,no,no,yes,no,no,no,no,None,no
waltheria indica leaf extract,no,no,no,no,no,no,no,no,no,no,no,no,no,no,no,None,yes
wasabia japonica (japanese horseradish) extract,no,no,no,no,no,no,no,no,no,no,no,no,no,no,no,None,yes
wasabia japonica (japanese horseradish) root extract,no,no,no,no,no,no,no,no,no,no,no,no,no,no,no,None,yes
wasabia japonica leaf extract,no,no,no,no,no,no,no,no,no,no,no,no,no,no,no,None,yes
water,no,no,no,no,no,no,no,no,no,no,no,no,no,no,no,None,yes
wheat amino acid,no,no,no,no,no,no,no,no,no,no,no,no,no,no,no,Potential allergen for those with gluten sensitivity.,yes
wheat amino acids,no,no,no,no,no,no,no,no,no,no,no,no,no,no,no,Potential allergen for those with gluten sensitivity.,yes
wheat germ glycerides,no,no,no,no,no,no,no,no,no,no,no,no,no,no,no,Potential allergen for those with gluten sensitivity.,yes
wheat germ oil peg 8 esters,no,no,no,no,no,no,no,no,no,no,yes,no,no,no,no,Potential allergen for those with gluten sensitivity.,no
wheat germ protein,no,no,no,no,no,no,no,no,no,no,no,no,no,no,no,Potential allergen for those with gluten sensitivity.,yes
wheat germamidopropylamine oxide,no,no,no,no,no,no,no,no,no,no,no,no,no,no,no,Potential allergen for those with gluten sensitivity.,no
wheat germamidopropyldimonium hydroxypropyl hydrolyzed wheat protein,no,no,no,no,no,no,no,no,no,no,no,no,no,no,no,Potential allergen for those with gluten sensitivity.,no
wheatgermamidopropyl dimethylamine hydrolyzed wheat protein,no,no,no,no,no,no,no,no,no,no,no,no,no,no,no,Potential allergen for those with gluten sensitivity.,no
wheatgermamidopropyl ethyldimonium ethosulfate,no,no,no,no,no,no,no,no,no,no,no,no,no,no,no,Potential allergen for those with gluten sensitivity.,no
wheatgrass,no,no,no,no,no,no,no,no,no,no,no,no,no,no,no,Potential allergen for those with gluten sensitivity.,yes
whey protein,no,no,no,no,no,no,no,no,no,no,no,no,no,no,no,Potential allergen for those with dairy allergies.,yes
white clay powder,no,no,no,no,no,no,no,no,yes,no,no,no,no,no,no,None,yes
white petrolatum,no,no,no,no,no,no,no,no,no,no,no,no,no,no,no,Can be contaminated with PAHs.,no
white tea,no,no,no,no,no,no,no,no,no,no,no,no,no,no,no,None,yes
white tea extract,no,no,no,no,no,no,no,no,no,no,no,no,no,no,no,None,yes
white tea leaf,no,no,no,no,no,no,no,no,no,no,no,no,no,no,no,None,yes
ingredient,USA,EU,sulfates,parabens,synthetic_colors,fragrance,triclosan,toluene,talc,lead,PEG,formaldehyde,diethanolamine,alcohol,hydroquinone,other_info,natural
white tea leaf extract,no,no,no,no,no,no,no,no,no,no,no,no,no,no,no,None,yes
whole dry milk,no,no,no,no,no,no,no,no,no,no,no,no,no,no,no,None,yes
wild flower honey,no,no,no,no,no,no,no,no,no,no,no,no,no,no,no,None,yes
wine,no,no,no,no,no,no,no,no,no,no,no,no,no,yes,no,Wine contains naturally occurring alcohol,yes
wine extract,no,no,no,no,no,no,no,no,no,no,no,no,no,May contain trace amounts of alcohol,no,None
wisteria sinensis extract,no,no,no,no,no,no,no,no,no,no,no,no,no,no,no,All parts of the wisteria plant are considered toxic,yes
withania somnifera flower extract,no,no,no,no,no,no,no,no,no,no,no,no,no,no,no,None,yes
withania somnifera root extract,no,no,no,no,no,no,no,no,no,no,no,no,no,no,no,None,yes
withania somnifera root powder,no,no,no,no,no,no,no,no,no,no,no,no,no,no,no,None,yes
xanthan gum,no,no,no,no,no,no,no,no,no,no,no,no,no,no,no,None,yes
xanthophyll,no,no,no,no,no,no,no,no,no,no,no,no,no,no,no,None,yes
ximenia americana seed oil,no,no,no,no,no,no,no,no,no,no,no,no,no,no,no,None,yes
xylene,yes,yes,no,no,no,no,no,yes,no,no,no,no,no,no,no,Highly flammable liquid and vapor,no
xylitol,no,no,no,no,no,no,no,no,no,no,no,no,no,no,no,None,yes
xylityl caprate/caprylate,no,no,no,no,no,no,no,no,no,no,no,no,no,no,no,None,yes
xylityl cocoate,no,no,no,no,no,no,no,no,no,no,no,no,no,no,no,None,yes
xylitylglucoside,no,no,no,no,no,no,no,no,no,no,no,no,no,no,no,None,yes
xylose,no,no,no,no,no,no,no,no,no,no,no,no,no,no,no,None,yes
yeast,no,no,no,no,no,no,no,no,no,no,no,no,no,no,no,None,yes
yeast amino acids,no,no,no,no,no,no,no,no,no,no,no,no,no,no,no,None,yes
yeast beta glucan,no,no,no,no,no,no,no,no,no,no,no,no,no,no,no,None,yes
yeast extract,no,no,no,no,no,no,no,no,no,no,no,no,no,no,no,None,yes
yeast ferment extract,no,no,no,no,no,no,no,no,no,no,no,no,no,no,no,None,yes
yeast polysaccharides,no,no,no,no,no,no,no,no,no,no,no,no,no,no,no,None,yes
yogurt,no,no,no,no,no,no,no,no,no,no,no,no,no,no,no,None,yes
yogurt extract,no,no,no,no,no,no,no,no,no,no,no,no,no,no,no,None,yes
yogurt powder,no,no,no,no,no,no,no,no,no,no,no,no,no,no,no,None,yes
yucca aloifolia extract,no,no,no,no,no,no,no,no,no,no,no,no,no,no,no,None,yes
yucca brevifolia powder,no,no,no,no,no,no,no,no,no,no,no,no,no,no,no,None,yes
yucca brevifolia root extract,no,no,no,no,no,no,no,no,no,no,no,no,no,no,no,None,yes
yucca filamentosa (spoonleaf yucca) extract,no,no,no,no,no,no,no,no,no,no,no,no,no,no,no,None,yes
yucca filamentosa root,no,no,no,no,no,no,no,no,no,no,no,no,no,no,no,None,yes
yucca glauca (soapweed) extract,no,no,no,no,no,no,no,no,no,no,no,no,no,no,no,None,yes
yucca glauca (soapweed) root extract,no,no,no,no,no,no,no,no,no,no,no,no,no,no,no,None,yes
yucca l. (yucca) root,no,no,no,no,no,no,no,no,no,no,no,no,no,no,no,None,yes
yucca l. (yucca) root extract,no,no,no,no,no,no,no,no,no,no,no,no,no,no,no,None,yes
yucca schidigera (mojave yucca),no,no,no,no,no,no,no,no,no,no,no,no,no,no,no,None,yes
yucca schidigera (mojave yucca) extract,no,no,no,no,no,no,no,no,no,no,no,no,no,no,no,None,yes
yucca schidigera fruit,no,no,no,no,no,no,no,no,no,no,no,no,no,no,no,None,yes
yucca schidigera fruit juice,no,no,no,no,no,no,no,no,no,no,no,no,no,no,no,None,yes
yucca vera (yucca) extract,no,no,no,no,no,no,no,no,no,no,no,no,no,no,no,None,yes
zanthoxylum alatum,no,no,no,no,no,no,no,no,no,no,no,no,no,no,no,None,yes
zanthoxylum alatum (winged prickly ash) extract,no,no,no,no,no,no,no,no,no,no,no,no,no,no,no,None,yes
zanthoxylum americanum,no,no,no,no,no,no,no,no,no,no,no,no,no,no,no,None,yes
zanthoxylum americanum (prickly ash) bark extract,no,no,no,no,no,no,no,no,no,no,no,no,no,no,no,None,yes
zanthoxylum bungeanum extract,no,no,no,no,no,no,no,no,no,no,no,no,no,no,no,None,yes
zanthoxylum piperitum fruit extract,no,no,no,no,no,no,no,no,no,no,no,no,no,no,no,None,yes
zanthoxylum piperitum peel extract,no,no,no,no,no,no,no,no,no,no,no,no,no,no,no,None,yes
zea mays (corn),no,no,no,no,no,no,no,no,no,no,no,no,no,no,no,None,yes
zea mays (corn) cob powder,no,no,no,no,no,no,no,no,no,no,no,no,no,no,no,None,yes
zea mays (corn) kernel extract,no,no,no,no,no,no,no,no,no,no,no,no,no,no,no,None,yes
zea mays (corn) kernel meal,no,no,no,no,no,no,no,no,no,no,no,no,no,no,no,None,yes
zea mays (corn) oil,no,no,no,no,no,no,no,no,no,no,no,no,no,no,no,None,yes
zea mays (corn) seed flour,no,no,no,no,no,no,no,no,no,no,no,no,no,no,no,None,yes
zea mays (corn) silk extract,no,no,no,no,no,no,no,no,no,no,no,no,no,no,no,None,yes
zea mays (corn) starch,no,no,no,no,no,no,no,no,no,no,no,no,no,no,no,None,yes
zein,no,no,no,no,no,no,no,no,no,no,no,no,no,no,no,None,yes
zemea propanediol,no,no,no,no,no,no,no,no,no,no,no,no,no,yes,no,None,yes
zeolite,no,no,no,no,no,no,no,no,no,no,no,no,no,no,no,None,yes
zinax,no,no,no,no,no,no,no,no,no,no,no,no,no,no,no,None,no
zinc,no,no,no,no,no,no,no,no,no,no,no,no,no,no,no,None,yes
zinc acetate,no,no,no,no,no,no,no,no,no,no,no,no,no,no,no,None,no
zinc acetylmethionate,no,no,no,no,no,no,no,no,no,no,no,no,no,no,no,None,no
zinc carbonate,no,no,no,no,no,no,no,no,no,no,no,no,no,no,no,None,no
zinc chloride,yes,yes,no,no,no,no,no,no,no,no,no,no,no,no,no,Toxic if swallowed,causes severe skin burns and eye damage,no
zinc citrate,no,no,no,no,no,no,no,no,no,no,no,no,no,no,no,None,no
zinc citrate trihydrate,no,no,no,no,no,no,no,no,no,no,no,no,no,no,no,None,no
zinc coceth sulfate,no,no,yes,no,no,no,no,no,no,no,no,no,no,no,no,None,no
zinc gluconate,no,no,no,no,no,no,no,no,no,no,no,no,no,no,no,None,no
zinc lactate,no,no,no,no,no,no,no,no,no,no,no,no,no,no,no,None,no
zinc laurate,no,no,no,no,no,no,no,no,no,no,no,no,no,no,no,None,no
zinc myristate,no,no,no,no,no,no,no,no,no,no,no,no,no,no,no,None,no
zinc neodecanoate,no,no,no,no,no,no,no,no,no,no,no,no,no,no,no,None,no
zinc oxide,no,no,no,no,no,no,no,no,no,no,no,no,no,no,no,None,no
ingredient,USA,EU,sulfates,parabens,synthetic_colors,fragrance,triclosan,toluene,talc,lead,PEG,formaldehyde,diethanolamine,alcohol,hydroquinone,other_info,natural
zinc oxide,no,no,no,no,no,no,no,no,no,no,no,no,no,no,no,Can be derived from natural sources,yes
zinc oxide(sunscreen grade),no,no,no,no,no,no,no,no,no,no,no,no,no,no,no,Can be derived from natural sources,Micronized particles may be more toxic to living cells and the environment,Inhalation of powders and sprays is a concern,yes
zinc palmitate,no,no,no,no,no,no,no,no,no,no,no,no,no,no,no,Derived from palmitic acid,a naturally occurring fatty acid,yes
zinc pca,no,no,no,no,no,no,no,no,no,no,no,no,no,no,no,None,no
zinc phenolsulfonate,no,no,yes,no,no,no,no,no,no,no,no,no,no,no,no,None,no
zinc pyrithione,no,no,no,no,no,no,no,no,no,no,no,no,no,no,no,None,no
zinc ricinoleate,no,no,no,no,no,no,no,no,no,no,no,no,no,no,no,None,no
zinc stearate,no,no,no,no,no,no,no,no,no,no,no,no,no,no,no,Derived from stearic acid,a naturally occurring fatty acid,yes
zinc sulfate,no,no,yes,no,no,no,no,no,no,no,no,no,no,no,no,None,no
zinc sulfate monohydrate,no,no,yes,no,no,no,no,no,no,no,no,no,no,no,no,None,no
zinc sulfide,no,no,no,no,no,no,no,no,no,no,no,no,no,no,no,None,no
zinc zeolite,no,no,no,no,no,no,no,no,no,no,no,no,no,no,no,None,no
zingiber cassumunar extract,no,no,no,no,no,no,no,no,no,no,no,no,no,no,no,None,yes
zingiber officinale (ginger),no,no,no,no,no,no,no,no,no,no,no,no,no,no,no,None,yes
zingiber officinale (ginger) extract,no,no,no,no,no,no,no,no,no,no,no,no,no,no,no,None,yes
zingiber officinale (ginger) oil,no,no,no,no,no,no,no,no,no,no,no,no,no,no,no,None,yes
zingiber officinale (ginger) root extract,no,no,no,no,no,no,no,no,no,no,no,no,no,no,no,None,yes
zingiber officinale (ginger) root oil,no,no,no,no,no,no,no,no,no,no,no,no,no,no,no,None,yes
zingiber officinale (ginger) root powder,no,no,no,no,no,no,no,no,no,no,no,no,no,no,no,None,yes
zingiber officinale (ginger) water,no,no,no,no,no,no,no,no,no,no,no,no,no,no,no,None,yes
zingiber zerumbet extract,no,no,no,no,no,no,no,no,no,no,no,no,no,no,no,None,yes
ziziphus jujuba (jujube) extract,no,no,no,no,no,no,no,no,no,no,no,no,no,no,no,None,yes
zizyphus joazeiro bark extract,no,no,no,no,no,no,no,no,no,no,no,no,no,no,no,None,yes
zizyphus jujuba (jujube),no,no,no,no,no,no,no,no,no,no,no,no,no,no,no,None,yes
zizyphus jujuba (jujube) fruit extract,no,no,no,no,no,no,no,no,no,no,no,no,no,no,no,None,yes
zostera marina extract,no,no,no,no,no,no,no,no,no,no,no,no,no,no,no,None,yes
zymomonas ferment extract,no,no,no,no,no,no,no,no,no,no,no,no,no,no,no,None,yes
